baseMean	log2FoldChange	lfcSE	stat	pvalue	padj	Contrast	OrthoGroup
93.614656814437	1.09317630177682	0.258426937742573	4.23011746115168	2.33569319554629e-05	0.095015999194823	Treatment_GramPos_vs_Naive	OG0005698
517.131502615368	-0.733730704546504	0.172766722122449	-4.24694464033687	2.16705477300389e-05	0.095015999194823	Treatment_GramPos_vs_Naive	OG0006713
6071.94452909212	2.25611727902635	0.502578641380314	4.48908308723586	7.15303955234628e-06	0.0581971297978893	Treatment_GramNeg_vs_Naive	OG0003982
