baseMean	log2FoldChange	lfcSE	stat	pvalue	padj	Contrast	OrthoGroup
818.850868155637	3.12744397406194	0.673969791806141	4.64033256695503	3.47848916452899e-06	0.0125156040139753	Treatment_GramPos_vs_Naive	OG0000415
6142.00396171098	1.72727971554236	0.407723566824535	4.23639901170025	2.27133005385961e-05	0.0544816368919124	Treatment_GramPos_vs_Naive	OG0003982
404.536057701641	2.50210740167993	0.537751349179805	4.65290771561284	3.27286747071565e-06	0.0125156040139753	Treatment_GramPos_vs_Naive	OG0004924
714.228038866699	5.21910460036486	1.26199554381054	4.13559669521972	3.54033497751513e-05	0.0636906262454973	Treatment_GramPos_vs_Naive	OG0005892
6142.00396171098	1.97097282072306	0.407720747642572	4.83412441510313	1.33732932452651e-06	0.00962342181929275	Treatment_GramNeg_vs_Naive	OG0003982
