baseMean	log2FoldChange	lfcSE	stat	pvalue	padj	Contrast	OrthoGroup
4740.86216162168	1.62571559138042	0.375903584146062	4.32482067196446	1.52655993790539e-05	0.0366170843772239	Treatment_GramPos_vs_Naive	OG0000699
3473.37253048497	2.38277266845014	0.593345607758871	4.01582591543927	5.92379719241692e-05	0.0852552891932643	Treatment_GramPos_vs_Naive	OG0002392
6366.83865074089	1.9361689101308	0.412478545257341	4.69398695372834	2.67931127966276e-06	0.0192803239684532	Treatment_GramPos_vs_Naive	OG0003982
413.040358431217	2.52329266993156	0.564301837513725	4.47153013190425	7.76619146204153e-06	0.0279427568804254	Treatment_GramPos_vs_Naive	OG0004924
475.545384812607	0.689655928022965	0.165400366558592	4.1696154752998	3.05113991477256e-05	0.0548900070667584	Treatment_GramPos_vs_Naive	OG0005280
6082.5081925761	1.89349069814768	0.427412749541843	4.43012217154817	9.41797179274179e-06	0.033885862510285	Treatment_GramNeg_vs_Naive	OG0000399
4740.86216162168	1.57636958567106	0.375908772678282	4.19348975135566	2.7469549297757e-05	0.0658902922488865	Treatment_GramNeg_vs_Naive	OG0000699
6366.83865074089	2.04619945599979	0.41247866741013	4.96074007620191	7.02251085068155e-07	0.00505339880815045	Treatment_GramNeg_vs_Naive	OG0003982
