baseMean	log2FoldChange	lfcSE	stat	pvalue	padj	Contrast	OrthoGroup
381.586459253723	2.47436648782297	0.524449136047687	4.71802948608152	2.38139985326086e-06	0.0182058018781793	Treatment_GramPos_vs_Naive	OG0004924
7844.20451978334	-1.2765590924815	0.300500234440279	-4.2481134660652	2.15578208118956e-05	0.082404770053471	Treatment_GramPos_vs_Naive	OG0007158
6581.83777367834	2.04501478157647	0.466173367559819	4.38681169686094	1.15024287039255e-05	0.0563806695423337	Treatment_GramNeg_vs_Naive	OG0003982
2605.03702462163	-1.20712460607286	0.284545159828596	-4.24229534180096	2.21245269623284e-05	0.0563806695423337	Treatment_GramNeg_vs_Naive	OG0007195
72118.3025556687	2.04788212719151	0.481665092668888	4.25167228923374	2.12180187107048e-05	0.0563806695423337	Treatment_GramNeg_vs_Naive	OG0008153
