baseMean	log2FoldChange	lfcSE	stat	pvalue	padj	Contrast	OrthoGroup
3053.02018466587	2.45077356084906	0.564405848988934	4.34221857416844	1.41051102027215e-05	0.0507572390644932	Treatment_GramPos_vs_Naive	OG0003913
369.094324445323	2.41211848343871	0.521620768606007	4.62427615734112	3.75908777801809e-06	0.0270541547383962	Treatment_GramPos_vs_Naive	OG0004924
5953.54835619475	2.00426331831359	0.41521553538754	4.82704317997861	1.38575084251855e-06	0.00997324881360603	Treatment_GramNeg_vs_Naive	OG0003982
